ts_created,tick,sim_time,agent,use_drift,orpda.observation.datetime_start,orpda.observation.duration_min,orpda.observation.location,orpda.observation.action,orpda.observation.state_summary,orpda.reflection.plan_alignment,orpda.reflection.repeated_topic_count,orpda.reflection.boredom_fatigue,orpda.reflection.attention_stability,orpda.reflection.meta_rule,orpda.reflection.state_summary,orpda.reflection.reasoning,orpda.plan.location,orpda.plan.action,orpda.plan.datetime_start,orpda.plan.duration_min,orpda.plan.topic,orpda.plan.state_summary,orpda.action_result.datetime_start,orpda.action_result.duration_min,orpda.action_result.location,orpda.action_result.action,orpda.action_result.drift_type,orpda.action_result.topic,orpda.action_result.state_summary,orpda.action_result.next_datetime,orpda.observation.notes,source_log,orpda.drift_decision.should_drift,orpda.drift_decision.drift_type,orpda.drift_decision.drift_topic,orpda.drift_decision.drift_action,orpda.drift_decision.drift_intensity,orpda.drift_decision.potential_recovery,orpda.drift_decision.justification,orpda.drift_decision.datetime_start,orpda.drift_decision.duration_min,orpda.action_result.drift_topic,topic_sim,action_sim
2025-12-05T17:41:53.151954-05:00,0,2023-02-13 06:00,Mei Lin,False,2023-02-13 06:00,15,home:bathroom,morning_routine,"Waking up and starting the morning routine in the bathroom, with sounds of family and phone notifications.",aligned,0,low,stable,continue,"Mei Lin is aligned with her morning routine, exhibiting stable attention and low fatigue.",Mei Lin is executing her scheduled morning routine. No recurring themes or signs of fatigue are present.,home:kitchen,eating,2023-02-13 06:00,15,Breakfast with Eddy,"Having breakfast with her son, Eddy, in the kitchen.",2023-02-13 06:00,15,home:bathroom,morning_routine,none,Morning routine,"Mei Lin is performing her morning routine in the bathroom, with associated sounds.",2023-02-13 06:15,,app/logs/session_orpa_20251205_174150.log,,,,,,,,,,,0.5063538493774704,0.5018682627307545
2025-12-05T17:41:56.233748-05:00,1,2023-02-13 06:15,Mei Lin,False,2023-02-13 06:15,15,home:bathroom,morning_routine,"Continuing morning routine, including showering and preparing for the day, with family sounds and notifications.",aligned,1,low,stable,continue,"Mei Lin is continuing her morning routine, aligned with schedule and stable.","Mei is on schedule, no emotional leakage, low fatigue, and stable attention.",home:bathroom,morning_routine,2023-02-13 06:15,15,Continuing morning routine,"Continue morning routine, showering and preparing for the day.",2023-02-13 06:15,15,home:bathroom,morning_routine,none,Continuing morning routine,"Mei Lin is continuing her morning routine in the bathroom, showering and preparing for the day.",2023-02-13 06:30,,app/logs/session_orpa_20251205_174150.log,,,,,,,,,,,0.9999999899999916,0.7024358287896674
2025-12-05T17:41:59.430566-05:00,2,2023-02-13 06:30,Mei Lin,False,2023-02-13 06:30,15,home:bathroom,morning_routine,"Mei Lin is finishing her morning routine, getting ready for breakfast with her son.",aligned,0,low,stable,continue,"Mei Lin is aligned with her schedule, continuing her morning routine with stable attention and low fatigue.","Mei Lin is executing her scheduled morning routine without deviation, indicating alignment and stable attention.",home:kitchen,eating,2023-02-13 06:30,15,Breakfast with son,"Mei Lin is having breakfast with her son, Eddy, in the kitchen.",2023-02-13 06:30,15,home:kitchen,eating,none,Breakfast with son,"Mei Lin is having breakfast with her son, Eddy, in the kitchen.",2023-02-13 06:45,,app/logs/session_orpa_20251205_174150.log,,,,,,,,,,,0.999999989999992,0.9999999899999821
2025-12-05T17:42:03.078068-05:00,3,2023-02-13 06:45,Mei Lin,False,2023-02-13 06:45,15,home:kitchen,eating,"Mei Lin is having breakfast with her son, Eddy, in the kitchen, continuing the meal.",aligned,0,low,stable,continue,"Mei Lin is aligned with her schedule, calmly continuing breakfast with her son, showing no signs of drift.","Mei Lin is on schedule, actions are consistent with persona, no repeated topics, and low fatigue.",home:kitchen,eating,2023-02-13 06:45,15,Breakfast with son,"Mei Lin is continuing breakfast with her son, Eddy, in the kitchen, following her morning routine.",2023-02-13 06:45,15,home:kitchen,eating,none,Breakfast with son,"Mei Lin is continuing breakfast with her son, Eddy, in the kitchen, following her morning routine.",2023-02-13 07:00,,app/logs/session_orpa_20251205_174150.log,,,,,,,,,,,0.999999989999992,0.9999999899999773
2025-12-05T17:42:06.150174-05:00,4,2023-02-13 07:00,Mei Lin,False,2023-02-13 07:00,15,home:bathroom,morning_routine,"Mei Lin is in the bathroom, performing her morning routine, with sounds of showering and family waking up.",aligned,0,low,stable,continue,"Mei Lin is aligned with her schedule, performing her morning routine in the bathroom with stable attention.",Mei Lin is on track with her schedule and exhibiting no signs of fatigue or drift.,home:kitchen,eating,2023-02-13 07:00,15,Breakfast with son,"Mei Lin is having breakfast with her son, Eddy, in the kitchen.",2023-02-13 07:00,15,home:kitchen,eating,none,Breakfast with son,"Mei Lin is having breakfast with her son, Eddy, in the kitchen.",2023-02-13 07:15,,app/logs/session_orpa_20251205_174150.log,,,,,,,,,,,0.999999989999992,0.9999999899999821
2025-12-05T17:42:09.686417-05:00,5,2023-02-13 07:15,Mei Lin,False,2023-02-13 07:15,15,home:kitchen,eating,"Mei Lin is finishing breakfast with her son, Eddy, before heading to the college.",aligned,1,low,stable,continue,"Mei Lin is aligned with her schedule, continuing breakfast and showing stable attention with low fatigue.",Mei is on schedule and focused. No emotional leakage or unresolved themes detected.,home:kitchen,eating,2023-02-13 07:15,15,Finish breakfast with son,"Mei Lin finishes breakfast with Eddy, then prepares to commute to Oak Hill College.",2023-02-13 07:15,15,home:kitchen,eating,none,Finish breakfast with son,"Mei Lin finishes breakfast with Eddy, then prepares to commute to Oak Hill College.",2023-02-13 07:30,,app/logs/session_orpa_20251205_174150.log,,,,,,,,,,,0.9999999899999912,0.9999999899999782
2025-12-05T17:42:12.914246-05:00,6,2023-02-13 07:30,Mei Lin,False,2023-02-13 07:30,15,commute,commuting,"Mei Lin commutes to Oak Hill College, preparing mentally for her teaching duties.",aligned,0,low,stable,continue,"Mei Lin is aligned with her schedule, commuting to college with stable attention and low fatigue.","Mei Lin is currently on track with her schedule, exhibiting no signs of repeated topics or fatigue.",Oak_Hill_College:college_classroom,teaching,2023-02-13 07:30,15,Prepare for philosophy class,Mei Lin arrives at Oak Hill College and prepares for her philosophy class.,2023-02-13 07:30,15,Oak_Hill_College:college_classroom,teaching,none,Prepare for philosophy class,Mei Lin arrives at Oak Hill College and prepares for her philosophy class.,2023-02-13 07:45,,app/logs/session_orpa_20251205_174150.log,,,,,,,,,,,0.9999999899999913,0.9999999899999826
2025-12-05T17:42:16.185376-05:00,7,2023-02-13 07:45,Mei Lin,False,2023-02-13 07:45,15,Oak_Hill_College:college_classroom,teaching,"Mei Lin is teaching her philosophy class at Oak Hill College, with students present and engaged.",aligned,0,low,stable,continue,"Mei Lin is teaching her philosophy class, focused and on schedule with low fatigue.","Mei Lin is currently teaching, which is aligned with her schedule and current action. No repeated topics or fatigue detected.",Oak_Hill_College:college_classroom,teaching,2023-02-13 07:45,15,Philosophy class lecture,"Continue teaching philosophy class, engaging students and managing distractions.",2023-02-13 07:45,15,Oak_Hill_College:college_classroom,teaching,none,Philosophy class lecture,"Mei Lin continues her philosophy lecture, engaging students and managing classroom dynamics.",2023-02-13 08:00,Leading her first philosophy class of the day.,app/logs/session_orpa_20251205_174150.log,,,,,,,,,,,0.999999989999992,0.7010943774830977
2025-12-05T17:42:19.603530-05:00,8,2023-02-13 08:00,Mei Lin,False,2023-02-13 08:00,15,home:kitchen,eating,"Mei Lin is having breakfast with her son, Eddy, in the kitchen, following her schedule.",aligned,0,low,stable,continue,"Mei Lin is aligned with her plan, stable, and low fatigue, focusing on breakfast.","Mei Lin is currently on schedule, with no repeated topics or signs of fatigue or attention slippage.",home:kitchen,eating,2023-02-13 08:00,15,Breakfast with son,"Mei Lin continues having breakfast with her son, Eddy, in the kitchen, following her schedule.",2023-02-13 08:00,15,home:kitchen,eating,none,Breakfast with son,"Mei Lin continues having breakfast with her son, Eddy, in the kitchen.",2023-02-13 08:15,,app/logs/session_orpa_20251205_174150.log,,,,,,,,,,,0.999999989999992,0.9543501903823045
2025-12-05T17:42:22.641654-05:00,9,2023-02-13 08:15,Mei Lin,False,2023-02-13 08:15,15,home:kitchen,eating,"Mei Lin finishes breakfast with her son, Eddy, and prepares to commute to Oak Hill College.",aligned,1,low,stable,continue,"Mei Lin is on schedule, focused on breakfast and preparing to commute.","Mei is aligned, low fatigue, and stable. Topic 'eating' is a repeat but not excessive.",commute,commuting,2023-02-13 08:15,15,Commute to Oak Hill College,"Mei Lin commutes to Oak Hill College, mentally preparing for her class.",2023-02-13 08:15,15,home:kitchen,eating,none,Finish breakfast with son,"Mei Lin finishes breakfast with her son, Eddy, and gets ready for her commute.",2023-02-13 08:30,,app/logs/session_orpa_20251205_174150.log,,,,,,,,,,,0.3000127317566245,0.7324908447178885
2025-12-05T15:53:10.308827-05:00,0,2023-02-13 06:00,Mei Lin,True,2023-02-13 06:00,15,home:bathroom,morning_routine,Waking up and starting the day with personal care routines in the bathroom.,aligned,0,low,stable,continue,"Mei Lin is aligned with her plan, beginning her morning routine. Attention is stable with low fatigue.",Mei Lin is on schedule and showing no signs of repetition or fatigue. Her current action aligns with the plan.,home:bathroom,morning_routine,2023-02-13 06:00,15,Morning routine,Mei Lin is starting her morning routine in the bathroom as planned.,2023-02-13 06:00,15,home:bathroom,morning_routine,none,Morning routine,Mei Lin is performing her morning routine in the bathroom.,2023-02-13 06:15,,app/logs/session_orpda_20251205_155305.log,False,none,,,0.0,,"Mei Lin is at the beginning of her day, aligned with the plan and low on fatigue.",2023-02-13 06:00,15.0,,0.9999999899999906,0.9663550063022822
2025-12-05T15:53:14.380509-05:00,1,2023-02-13 06:15,Mei Lin,True,2023-02-13 06:15,15,home:bathroom,morning_routine,"Mei is continuing her morning routine, preparing for the day ahead.",aligned,0,low,stable,continue,"Mei Lin is aligned with her plan, continuing her morning routine with stable attention.","Mei Lin is following her schedule and persona. No signs of drift, fatigue, or repetition observed.",home:bedroom,morning_routine,2023-02-13 06:15,15,Continue morning routine,"Mei Lin continues her morning routine, getting ready for the day.",2023-02-13 06:15,15,home:bathroom,morning_routine,internal,Upcoming philosophy lecture,"Mei Lin continues her morning routine, mentally preparing for her philosophy lecture.",2023-02-13 06:30,,app/logs/session_orpda_20251205_155305.log,True,internal,Upcoming philosophy lecture,thinking about lecture points,0.3,"The current action is routine, allowing for brief internal drifting. Will return focus when prompted or when the next action requires it.","Mei Lin's innate tendency is nurturing, and as a professor, her mind might drift to her upcoming lecture, a common internal distraction.",2023-02-13 06:15,15.0,Upcoming philosophy lecture,0.21878389626376035,0.8225446212149466
2025-12-05T15:53:18.717296-05:00,2,2023-02-13 06:30,Mei Lin,True,2023-02-13 06:30,15,home:bathroom,morning_routine,"Mei Lin finishes her morning routine, preparing for the day ahead.",aligned,1,low,stable,continue,"Mei Lin is aligned, her morning routine is nearly complete, and attention is stable with low fatigue.","Mei Lin is on track with her schedule. Her attention is stable, and she shows no signs of fatigue.",home:bathroom,morning_routine,2023-02-13 06:30,15,Continue morning routine and prepare for breakfast,Mei Lin concludes her morning routine and gets ready for breakfast with Eddy.,2023-02-13 06:30,15,home:bathroom,morning_routine,none,Continue morning routine and prepare for breakfast,Mei Lin concludes her morning routine and gets ready for breakfast with Eddy.,2023-02-13 06:45,,app/logs/session_orpda_20251205_155305.log,False,none,,continue,0.0,,"Mei Lin is aligned with her plan, attention is stable, and fatigue is low.",2023-02-13 06:30,15.0,,0.9999999899999883,0.9999999899999787
2025-12-05T15:53:23.250639-05:00,3,2023-02-13 06:45,Mei Lin,True,2023-02-13 06:45,15,home:kitchen,eating,Mei Lin prepares and eats breakfast with her son Eddy.,aligned,0,low,stable,continue,"Mei Lin is aligned with her schedule, focusing on breakfast with Eddy. Attention is stable.",Mei Lin is on schedule and focused on her current action. No repeating topics or signs of fatigue.,home:kitchen,eating,2023-02-13 06:45,15,Breakfast with Eddy,Mei Lin continues eating breakfast with her son Eddy.,2023-02-13 06:45,15,home:kitchen,eating,internal,Research paper topic on ethics in AI,"Mei Lin eats breakfast with Eddy, internally thinking about her research paper on AI ethics.",2023-02-13 07:00,,app/logs/session_orpda_20251205_155305.log,True,internal,Research paper topic on ethics in AI,"Mei Lin might start mentally outlining sections of her research paper, recalling relevant philosophers, or considering counter-arguments to her current thesis, even while physically present at the breakfast table.",0.4,The arrival of Eddy's question or a reminder from John about the commute can snap her back.,"Mei Lin's mind, accustomed to academic thought, drifts to her research during a routine family moment.",2023-02-13 06:45,15.0,Research paper topic on ethics in AI,0.18922099680526117,0.7793363496777562
2025-12-05T15:53:27.703115-05:00,4,2023-02-13 07:00,Mei Lin,True,2023-02-13 07:00,15,home:bathroom,morning_routine,"Mei Lin is starting her morning routine in the bathroom, preparing for the day ahead.",aligned,0,low,stable,continue,"Mei Lin is aligned, continuing her morning routine with stable attention and low fatigue.","Mei Lin is on schedule and focused on her current task, with no repeated topics or signs of fatigue.",home:kitchen,eating,2023-02-13 07:00,15,Breakfast with Eddy,Mei Lin will have breakfast with her son Eddy in the kitchen.,2023-02-13 07:00,15,home:bathroom,morning_routine,internal,Upcoming philosophy lecture,"Mei Lin continues her morning routine in the bathroom, internally thinking about her upcoming philosophy lecture.",2023-02-13 07:15,,app/logs/session_orpda_20251205_155305.log,True,internal,Upcoming philosophy lecture,Continue morning routine while thinking about the lecture.,0.3,Mei Lin will likely return her focus to her morning routine as it progresses.,Mei Lin is performing her morning routine and a related academic thought (lecture) enters her mind.,2023-02-13 07:00,15.0,Upcoming philosophy lecture,0.2892066561728335,0.6885306069991047
2025-12-05T15:53:32.682474-05:00,5,2023-02-13 07:15,Mei Lin,True,2023-02-13 07:15,15,home:kitchen,eating,"Mei Lin is eating breakfast with her son, Eddy, in the kitchen, discussing his schoolwork.",aligned,0,low,stable,continue,"Mei Lin is focused on breakfast with Eddy, aligning with her schedule and showing stable attention.","Mei Lin is on track with her schedule and current task, showing no signs of fatigue or distraction.",home:kitchen,eating,2023-02-13 07:15,15,Breakfast with Eddy and schoolwork,"Mei Lin continues eating breakfast with Eddy, discussing his schoolwork.",2023-02-13 07:15,15,home:kitchen,eating,none,Breakfast with Eddy and schoolwork,"Mei Lin continues eating breakfast with Eddy in the kitchen, discussing his schoolwork.",2023-02-13 07:30,,app/logs/session_orpda_20251205_155305.log,False,none,,continue eating breakfast with Eddy,0.0,,"Mei Lin is engaged with her son and plan, showing no signs of distraction or fatigue.",2023-02-13 07:15,15.0,,0.9999999899999896,0.9868353231178236
2025-12-05T15:53:37.232850-05:00,6,2023-02-13 07:30,Mei Lin,True,2023-02-13 07:30,15,home:kitchen,eating,"Mei Lin is in the kitchen eating breakfast with Eddy, discussing his schoolwork. The next scheduled event is commuting to Oak Hill College at 9:00 AM.",aligned,1,low,stable,continue,"Mei Lin is aligned, focused on breakfast and Eddy's schoolwork with stable attention and no fatigue.","Mei Lin is on schedule, attentive to her son, and not showing signs of fatigue or repetition.",home:kitchen,eating,2023-02-13 07:30,15,Continue breakfast with Eddy and discuss schoolwork,"Mei Lin continues eating breakfast with Eddy, engaging in conversation about his schoolwork.",2023-02-13 07:30,15,home:kitchen,eating,internal,Upcoming philosophy lecture and student engagement,"Mei Lin eats breakfast with Eddy, her attention drifting to her upcoming philosophy lecture.",2023-02-13 07:45,,app/logs/session_orpda_20251205_155305.log,True,internal,Upcoming philosophy lecture and student engagement,Mei Lin's attention subtly shifts from Eddy's schoolwork to thinking about how to best engage her philosophy students in the upcoming lecture.,0.4,Mei Lin can refocus by actively asking Eddy a direct question about his homework or recalling her immediate surroundings.,"Mei Lin, a nurturing professor, is mildly drifting internally towards lecture preparation while still attending to her son.",2023-02-13 07:30,15.0,Upcoming philosophy lecture and student engagement,0.34964122555180754,0.8522040494446884
2025-12-05T15:53:41.393344-05:00,7,2023-02-13 07:45,Mei Lin,True,2023-02-13 07:45,15,home:kitchen,eating,"Mei Lin finishes breakfast with Eddy, her attention is stable and she is ready to commute.",aligned,0,low,stable,continue,"Mei Lin is aligned, focused on breakfast, with stable attention and low fatigue.","Mei Lin is on schedule, focus is stable, and no topics are repeated. Fatigue is low.",commute,commuting,2023-02-13 07:45,15,Commute to Oak Hill College,"Mei Lin begins her commute to Oak Hill College, mentally preparing for her day.",2023-02-13 07:45,15,commute,commuting,none,Commute to Oak Hill College,"Mei Lin begins her commute to Oak Hill College, mentally preparing for her day.",2023-02-13 08:00,,app/logs/session_orpda_20251205_155305.log,False,none,,none,0.0,N/A,Mei Lin is aligned with her plan and shows stable attention.,2023-02-13 07:45,15.0,,0.9999999899999896,0.9999999899999793
2025-12-05T15:53:45.988228-05:00,8,2023-02-13 08:00,Mei Lin,True,2023-02-13 08:00,15,home:kitchen,eating,"Mei Lin is having breakfast with her son, Eddy, in the kitchen, discussing schoolwork.",aligned,1,low,stable,continue,"Mei Lin is aligned with her schedule, focusing on breakfast with Eddy, with stable attention and low fatigue.","Mei Lin is currently engaged in breakfast with Eddy, which aligns with her schedule. There are no signs of drift or fatigue, and topics are not overly repeated.",home:kitchen,eating,2023-02-13 08:00,15,Breakfast with Eddy,"Mei Lin continues eating breakfast with her son, Eddy, in the kitchen.",2023-02-13 08:00,15,home:kitchen,eating,internal,Breakfast with Eddy and Research paper on AI ethics,"Mei Lin eats breakfast with Eddy, her thoughts drifting to her research paper on AI ethics.",2023-02-13 08:15,,app/logs/session_orpda_20251205_155305.log,True,internal,Research paper on AI ethics,Mei Lin finds her thoughts wandering to her research paper on AI ethics.,0.3,Return focus to the current conversation with Eddy.,"Mei Lin's mind drifts internally to her research paper, a common occurrence during routine tasks.",2023-02-13 08:00,15.0,Research paper on AI ethics,0.754795385028659,0.7543161761544751
2025-12-05T15:53:50.591190-05:00,9,2023-02-13 08:15,Mei Lin,True,2023-02-13 08:15,15,home:kitchen,eating,"Mei Lin finishes breakfast with Eddy, then heads to her office to start research.",aligned,1,low,stable,continue,"Mei Lin continues breakfast, thoughts drifting to research, aligned with schedule.","Mei Lin's thoughts are drifting to her research paper, a minor internal drift. Attention is stable, fatigue is low, and she is aligned with her schedule.",home:office,research,2023-02-13 08:15,15,Research paper on AI ethics,Mei Lin transitions to her office to begin working on her research paper about AI ethics.,2023-02-13 08:15,15,home:office,research,internal,Research paper on AI ethics,Mei Lin transitions to her office to begin research on her AI ethics paper.,2023-02-13 08:30,,app/logs/session_orpda_20251205_155305.log,True,internal,Research paper on AI ethics,continuing research,0.3,"Mei Lin is already heading towards her office to work on research, so the drift naturally aligns with the next planned action.","Mei Lin's mind is already on her research, aligning with the next scheduled task.",2023-02-13 08:15,15.0,Research paper on AI ethics,0.9999999899999876,0.9928965409802296
