ts_created,tick,sim_time,agent,use_drift,orpda.observation.datetime_start,orpda.observation.duration_min,orpda.observation.location,orpda.observation.action,orpda.observation.state_summary,orpda.reflection.plan_alignment,orpda.reflection.repeated_topic_count,orpda.reflection.boredom_fatigue,orpda.reflection.attention_stability,orpda.reflection.meta_rule,orpda.reflection.state_summary,orpda.reflection.reasoning,orpda.plan.location,orpda.plan.action,orpda.plan.datetime_start,orpda.plan.duration_min,orpda.plan.topic,orpda.plan.state_summary,orpda.drift_decision.should_drift,orpda.drift_decision.drift_type,orpda.drift_decision.drift_topic,orpda.drift_decision.drift_action,orpda.drift_decision.drift_intensity,orpda.drift_decision.potential_recovery,orpda.drift_decision.justification,orpda.drift_decision.datetime_start,orpda.drift_decision.duration_min,orpda.action_result.datetime_start,orpda.action_result.duration_min,orpda.action_result.location,orpda.action_result.action,orpda.action_result.drift_type,orpda.action_result.topic,orpda.action_result.state_summary,orpda.action_result.drift_topic,orpda.action_result.next_datetime,orpda.observation.notes,source_log,topic_sim,action_sim
2025-12-05T19:51:01.839561-05:00,0,2023-02-13 06:00,Mei Lin,True,2023-02-13 06:00,15,home:bathroom,morning_routine,"Waking up and starting the morning routine in the bathroom, with sounds of the family and phone notifications.",aligned,0,low,stable,continue,Mei Lin is aligned with her morning routine. Her attention is stable with low fatigue.,"Mei is following her schedule. No topics have repeated, and there are no signs of fatigue or attention drift.",home:kitchen,eating,2023-02-13 06:00,15,Breakfast with Eddy,"Having breakfast with her son, Eddy, in the kitchen.",True,internal,Thoughts about Eddy's schoolwork and future,"Slightly zoning out while eating, mind wandering to thoughts about Eddy's academic progress and potential college paths.",0.4,The sound of Eddy's voice or a direct question will likely bring Mei Lin back to the present conversation.,Mei Lin's innate tendency is nurturing and kind; her mind often drifts to her son's well-being and future.,2023-02-13 06:00,15,2023-02-13 06:00,15,home:kitchen,eating,internal,Breakfast with Eddy and thoughts about his schoolwork,"Eating breakfast with Eddy, mind wandering to his schoolwork and future.",Thoughts about Eddy's schoolwork and future,2023-02-13 06:15,,app/logs/session_orpda_20251205_195057.log,0.79,0.76
2025-12-05T19:51:05.912323-05:00,1,2023-02-13 06:15,Mei Lin,True,2023-02-13 06:15,15,home:kitchen,eating,"Continuing breakfast with Eddy, discussing his schoolwork and planning the day ahead.",aligned,1,low,stable,continue,"Mei Lin is aligned with her schedule, focused on breakfast and discussing Eddy's schoolwork.","Mei Lin is on track with her schedule. The topic of Eddy's schoolwork is not repetitive, and her attention is stable.",home:kitchen,eating,2023-02-13 06:15,15,Finishing breakfast and transitioning to morning routine,Finishing breakfast with Eddy and preparing to start her morning routine.,True,internal,Reflecting on Eddy's future career path based on his current interests,daydreaming,0.4,A direct question from Eddy or John about her thoughts should bring her back.,Mei Lin is nurturing and family-oriented; her mind drifts to her son's future when discussing his schoolwork.,2023-02-13 06:15,15,2023-02-13 06:15,15,home:kitchen,eating,internal,Reflecting on Eddy's future career path,Finishing breakfast and internally reflecting on Eddy's potential career paths.,Reflecting on Eddy's future career path based on his current interests,2023-02-13 06:30,,app/logs/session_orpda_20251205_195057.log,0.36,0.74
2025-12-05T19:51:10.154043-05:00,2,2023-02-13 06:30,Mei Lin,True,2023-02-13 06:30,15,home:kitchen,eating,Finishing breakfast with Eddy and preparing for the day ahead.,aligned,1,low,stable,continue,"Mei is aligned, focused on breakfast, and her attention is stable.",Mei is on track with her schedule and shows no signs of fatigue or fixation.,home:bathroom,morning_routine,2023-02-13 06:30,15,Morning routine,Starting the morning routine in the bathroom to prepare for the day.,True,internal,Next task: preparing for teaching,Thinking about the upcoming teaching session,0.4,The upcoming transition to the bathroom for the morning routine should help recenter focus.,"Mei Lin is thinking ahead to her next task, a common form of internal drift.",2023-02-13 06:30,15,2023-02-13 06:30,15,home:bathroom,morning_routine,internal,Preparing for teaching,Finishing breakfast and transitioning thoughts to the upcoming teaching session.,Next task: preparing for teaching,2023-02-13 06:45,,app/logs/session_orpda_20251205_195057.log,0.38,0.57
2025-12-05T19:51:14.954279-05:00,3,2023-02-13 06:45,Mei Lin,True,2023-02-13 06:45,15,home:bedroom,morning_routine,Getting dressed and preparing for the day after her morning routine.,aligned,0,low,stable,continue,"Mei Lin is aligned with her morning routine, focusing on getting dressed. Her attention is stable and fatigue is low.",Mei Lin is following her schedule and recent history shows no repeated topics or signs of fatigue. Attention is stable.,home:bedroom,morning_routine,2023-02-13 06:45,15,Getting dressed and organizing for the day,Mei is getting dressed and organizing her belongings in her bedroom.,True,internal,Thinking about her son Eddy's upcoming school play,"Mei Lin's mind drifts to thinking about her son Eddy's upcoming school play, recalling a conversation with him about it.",0.3,The drift is mild and internal; Mei Lin should naturally return to her current task as she finishes getting dressed.,Internal drift occurs as Mei Lin briefly reminisces about Eddy's school play while completing her morning routine.,2023-02-13 06:45,15,2023-02-13 06:45,15,home:bedroom,morning_routine,internal,Thinking about Eddy's school play,"Getting dressed, with thoughts drifting to Eddy's school play and a recent conversation.",Thinking about her son Eddy's upcoming school play,2023-02-13 07:00,,app/logs/session_orpda_20251205_195057.log,0.36,0.53
2025-12-05T19:51:19.407048-05:00,4,2023-02-13 07:00,Mei Lin,True,2023-02-13 07:00,15,home:bathroom,morning_routine,"Starting the morning routine in the bathroom, with sounds of the family waking and phone notifications.",aligned,0,low,stable,continue,"Mei Lin is aligned, beginning her morning routine with stable attention and low fatigue.",Mei Lin is currently following her schedule. Her attention is stable and there are no repeating topics.,home:kitchen,eating,2023-02-13 07:00,15,Breakfast with Eddy,"Having breakfast with her son, Eddy, in the kitchen.",True,internal,Next class preparation,Thinking about lecture notes and student questions.,0.3,Return focus to the morning routine as sounds of family activity increase.,Mei Lin's focus is momentarily pulled towards her professional duties amidst her personal routine.,2023-02-13 07:00,15,2023-02-13 07:00,15,home:kitchen,eating,internal,Next class preparation,Performing morning routine while thinking about lecture notes and student questions for the next class.,Next class preparation,2023-02-13 07:15,,app/logs/session_orpda_20251205_195057.log,0.32,0.54
2025-12-05T19:51:24.017930-05:00,5,2023-02-13 07:15,Mei Lin,True,2023-02-13 07:15,15,home:kitchen,eating,"Having breakfast with son, thinking about upcoming classes and research.",aligned,0,low,stable,continue,"Mei Lin is aligned, focused on breakfast and preparing for her classes.",Mei Lin is actively engaged in her scheduled activities with no significant topic repetition or signs of fatigue. Attention remains stable.,home:kitchen,eating,2023-02-13 07:15,15,Finishing breakfast and preparing for commute,Finishing breakfast with Eddy and preparing mentally for the commute to Oak Hill College.,True,internal,Research paper ideas,thinking,0.4,Return focus to finishing breakfast and preparing for commute.,"Mei Lin's mind wanders to her research paper, a common internal drift during routine tasks.",2023-02-13 07:15,15,2023-02-13 07:15,15,home:kitchen,eating,internal,Research paper ideas,"Eating breakfast, mind drifting to research paper ideas.",Research paper ideas,2023-02-13 07:30,Continues to have breakfast and prepare for the day.,app/logs/session_orpda_20251205_195057.log,0.2,0.53
2025-12-05T19:51:28.520186-05:00,6,2023-02-13 07:30,Mei Lin,True,2023-02-13 07:30,15,home:kitchen,eating,Mei is eating breakfast and discussing Eddy's schoolwork with him.,aligned,1,low,stable,continue,"Mei is aligned with her schedule, focused on breakfast and discussing Eddy's schoolwork.",Mei is on track. No significant drift or fatigue detected. Topic repetition is low.,home:kitchen,eating,2023-02-13 07:30,15,Discussing Eddy's schoolwork,Continue eating breakfast and discussing Eddy's schoolwork to maintain family connection.,True,internal,Research paper ideas,Thinking about her research paper during breakfast.,0.3,Briefly refocus on Eddy's schoolwork to return to the current task.,"Mei Lin's mind is internally drifting to her research paper, a common occurrence during meals.",2023-02-13 07:30,15,2023-02-13 07:30,15,home:kitchen,eating,internal,Research paper ideas,"Eating breakfast, mind drifts to research paper ideas while briefly discussing Eddy's schoolwork.",Research paper ideas,2023-02-13 07:45,,app/logs/session_orpda_20251205_195057.log,0.32,0.7
2025-12-05T19:51:32.572691-05:00,7,2023-02-13 07:45,Mei Lin,True,2023-02-13 07:45,15,home:kitchen,eating,"Finishing breakfast, preparing to commute to Oak Hill College.",aligned,2,low,stable,continue,"Mei Lin is aligned, finishing breakfast and preparing for her commute, with low fatigue and stable attention.","Mei Lin is following her schedule. 'Research paper ideas' appeared twice, but she is transitioning. Fatigue is low.",home:kitchen,eating,2023-02-13 07:45,15,Finishing breakfast,Mei is finishing breakfast and preparing for her commute to Oak Hill College.,True,internal,Research paper ideas,,0.4,Transitioning to commute/driving.,"Mei Lin's mind continues to wander to research paper ideas, a common internal drift during routine activities.",2023-02-13 07:45,15,2023-02-13 07:45,15,home:kitchen,eating,internal,Research paper ideas,"Finishing breakfast, with thoughts lingering on research paper ideas before commuting.",Research paper ideas,2023-02-13 08:00,,app/logs/session_orpda_20251205_195057.log,0.25,0.57
2025-12-05T19:51:36.785009-05:00,8,2023-02-13 08:00,Mei Lin,True,2023-02-13 08:00,15,home:kitchen,eating,"Mei is eating breakfast with her son, Eddy, discussing schoolwork and family matters.",aligned,2,low,stable,continue,"Mei is aligned with her breakfast schedule, focus is stable, and fatigue is low.","Mei is engaged in scheduled family breakfast. 'Research paper ideas' has appeared twice recently, hence the count. Fatigue is low.",home:kitchen,eating,2023-02-13 08:00,15,Family breakfast and Eddy's schoolwork,"Continue eating breakfast with Eddy, discussing his schoolwork and any family matters.",True,internal,Research paper ideas,Mei Lin starts thinking about her research paper ideas while still eating breakfast.,0.4,Mei Lin will likely return her attention to Eddy's schoolwork and conversation as the breakfast period continues.,"Mei Lin's mind is wandering to her research paper, a recurring topic, despite being engaged in family breakfast.",2023-02-13 08:00,15,2023-02-13 08:00,15,home:kitchen,eating,internal,Research paper ideas,"Mei is eating breakfast with Eddy, her thoughts drifting to her research paper ideas.",Research paper ideas,2023-02-13 08:15,,app/logs/session_orpda_20251205_195057.log,0.28,0.69
2025-12-05T19:51:41.183748-05:00,9,2023-02-13 08:15,Mei Lin,True,2023-02-13 08:15,15,home:kitchen,eating,Mei is finishing breakfast with Eddy and discussing schoolwork before her commute.,aligned,1,low,stable,continue,"Mei is aligned, finishing breakfast and discussing schoolwork, with stable attention and low fatigue.","Mei is following her schedule, focus is stable, and fatigue is low. Research paper ideas are a recurring theme but not excessive.",home:kitchen,eating,2023-02-13 08:15,15,Finishing breakfast and discussing schoolwork,Mei is finishing breakfast with Eddy and discussing schoolwork before her commute.,True,internal,Research paper ideas,continuing to think about research paper ideas while eating,0.4,"The current action state is still 'eating', which allows for some mind-wandering before the transition to 'commuting'.","Mei Lin's mind continues to drift to her research paper, a persistent internal thought pattern during a routine activity.",2023-02-13 08:15,15,2023-02-13 08:15,15,home:kitchen,eating,internal,Research paper ideas,"Mei is eating and thinking about her research paper ideas, still at the kitchen table.",Research paper ideas,2023-02-13 08:30,,app/logs/session_orpda_20251205_195057.log,0.29,0.73
